name,link
SCP Corcovado Wilderness Lodge,https://es.visitcostarica.com/planning-your-trip/hotels/casa-corcovado-jungle-lodge
Hacienda Pinilla Hotel La Posada,https://es.visitcostarica.com/planning-your-trip/hotels/hacienda-pinilla-hotel-la-posada
Hacienda Pozo Azul Tent Suites (Antes Cuculmeca),https://es.visitcostarica.com/planning-your-trip/hotels/hacienda-pozo-azul-tent-suites-antes-cuculmeca
Sheraton San José Hotel & Casino,https://es.visitcostarica.com/planning-your-trip/hotels/sheraton-san-jose-hotel-casino
Albergue La Casona,https://es.visitcostarica.com/planning-your-trip/hotels/la-casona-albergue
Retiro en la naturaleza Samasati,https://es.visitcostarica.com/planning-your-trip/hotels/samasati-nature-retreat
Hotel Leyenda,https://es.visitcostarica.com/planning-your-trip/hotels/leyenda-hotel
Dolce Uvita - El Pequeño Resort,https://es.visitcostarica.com/planning-your-trip/hotels/dolce-uvita-small-resort
Los Pinos Cabañas y Jardines,https://es.visitcostarica.com/planning-your-trip/hotels/los-pinos-cabanas-y-jardines
Retiro en la naturaleza Samasati,https://es.visitcostarica.com/planning-your-trip/hotels/samasati-nature-retreat
JW Marriott Guanacaste Resort & Spa,https://es.visitcostarica.com/planning-your-trip/hotels/jw-marriott-guanacaste-resort-spa
Albergue Río Magnolia,https://es.visitcostarica.com/planning-your-trip/hotels/rio-magnolia-albergue
Hilton Garden Inn Liberia Aeropuerto,https://es.visitcostarica.com/planning-your-trip/hotels/hilton-garden-inn-liberia-airport
Albergue en la selva de Sarapiquis,https://es.visitcostarica.com/planning-your-trip/hotels/sarapiquis-rainforest-lodge
Rara Avis Albergue De Montaña,https://es.visitcostarica.com/planning-your-trip/hotels/rara-avis-albergue-de-montana
Apartotel La Sabana,https://es.visitcostarica.com/planning-your-trip/hotels/la-sabana-apartotel
Hacienda La Isla Lodge,https://es.visitcostarica.com/planning-your-trip/hotels/hacienda-la-isla-lodge
Quality Hotel Real San José,https://es.visitcostarica.com/planning-your-trip/hotels/quality-hotel-real-san-jose
Holiday Inn San José Escazú,https://es.visitcostarica.com/planning-your-trip/hotels/holiday-inn-san-jose-escazu
Sheraton San José Hotel & Casino,https://es.visitcostarica.com/planning-your-trip/hotels/sheraton-san-jose-hotel-casino
Observatorio Arenal Lodge & Spa,https://es.visitcostarica.com/planning-your-trip/hotels/arenal-observatory-lodge-spa
Rara Avis Albergue De Montaña,https://es.visitcostarica.com/planning-your-trip/hotels/rara-avis-albergue-de-montana
Reserva Biológica Monteverde Albergue,https://es.visitcostarica.com/planning-your-trip/hotels/reserva-biologica-monteverde-albergue
Hotel Rio Celeste Hideaway,https://es.visitcostarica.com/planning-your-trip/hotels/rio-celeste-hideaway-hotel
Casa Conde Beach Front Hotel,https://es.visitcostarica.com/planning-your-trip/hotels/casa-conde-beach-front-hotel
Estudio Hotel Santa Ana,https://es.visitcostarica.com/planning-your-trip/hotels/studio-hotel-santa-ana
Hotel Giada,https://es.visitcostarica.com/planning-your-trip/hotels/giada-hotel
Hilton Garden Inn Liberia Aeropuerto,https://es.visitcostarica.com/planning-your-trip/hotels/hilton-garden-inn-liberia-airport
Hotel Belmar,https://es.visitcostarica.com/planning-your-trip/hotels/belmar-hotel
Real Intercontinental San José Costa Rica,https://es.visitcostarica.com/planning-your-trip/hotels/real-intercontinental-san-jose-costa-rica
Parque y alojamiento Greenlagoon Falls,https://es.visitcostarica.com/planning-your-trip/hotels/greenlagoon-falls-park-lodge
Parador Resort & Spa Hotel,https://es.visitcostarica.com/planning-your-trip/hotels/parador-resort-spa-hotel
Albergue Golfo Dulce,https://es.visitcostarica.com/planning-your-trip/hotels/golfo-dulce-lodge
Albergue Tirimbina,https://es.visitcostarica.com/planning-your-trip/hotels/tirimbina-lodge
Best Western Irazu Hotel & Casino,https://es.visitcostarica.com/planning-your-trip/hotels/best-western-irazu-hotel-casino
Residence Inn By Marriott San José Escazú,https://es.visitcostarica.com/planning-your-trip/hotels/residence-inn-marriott-san-jose-escazu
Albergue Golfo Dulce,https://es.visitcostarica.com/planning-your-trip/hotels/golfo-dulce-lodge
Hacienda Pinilla Hotel La Posada,https://es.visitcostarica.com/planning-your-trip/hotels/hacienda-pinilla-hotel-la-posada
Hotel Poco a Poco,https://es.visitcostarica.com/planning-your-trip/hotels/poco-poco-hotel
Hotel Punta Leona,https://es.visitcostarica.com/planning-your-trip/hotels/punta-leona-hotel
Quality Hotel Real San José,https://es.visitcostarica.com/planning-your-trip/hotels/quality-hotel-real-san-jose
Apartotel Villa Los Candiles,https://es.visitcostarica.com/planning-your-trip/hotels/villa-los-candiles-apartotel
Arenas del Mar Beachfront & Rainforest Resort,https://es.visitcostarica.com/planning-your-trip/hotels/arenas-del-mar-beachfront-rainforest-resort
Albergue ecológico Cedrela,https://es.visitcostarica.com/planning-your-trip/hotels/cedrela-eco-lodge
Albergue Pacuare,https://es.visitcostarica.com/planning-your-trip/hotels/pacuare-lodge
Albergue Laguna del Lagarto,https://es.visitcostarica.com/planning-your-trip/hotels/laguna-del-lagarto-lodge
Hacienda La Isla Lodge,https://es.visitcostarica.com/planning-your-trip/hotels/hacienda-la-isla-lodge
Hotel Giada,https://es.visitcostarica.com/planning-your-trip/hotels/giada-hotel
Los Pinos Cabañas y Jardines,https://es.visitcostarica.com/planning-your-trip/hotels/los-pinos-cabanas-y-jardines
Hacienda Pozo Azul Tent Suites (Antes Cuculmeca),https://es.visitcostarica.com/planning-your-trip/hotels/hacienda-pozo-azul-tent-suites-antes-cuculmeca
Hotel Punta Leona,https://es.visitcostarica.com/planning-your-trip/hotels/punta-leona-hotel
Hotel Tabacón Grand Spa Thermal Resort,https://es.visitcostarica.com/planning-your-trip/hotels/tabacon-grand-spa-thermal-resort
Albergue Golfo Dulce,https://es.visitcostarica.com/planning-your-trip/hotels/golfo-dulce-lodge
Terrazas del Caribe,https://es.visitcostarica.com/planning-your-trip/hotels/terrazas-del-caribe
Hacienda La Isla Lodge,https://es.visitcostarica.com/planning-your-trip/hotels/hacienda-la-isla-lodge
Boutique Hotel Jade,https://es.visitcostarica.com/planning-your-trip/hotels/boutique-hotel-jade
Dolce Uvita - El Pequeño Resort,https://es.visitcostarica.com/planning-your-trip/hotels/dolce-uvita-small-resort
SCP Corcovado Wilderness Lodge,https://es.visitcostarica.com/planning-your-trip/hotels/casa-corcovado-jungle-lodge
Hacienda Pozo Azul Tent Suites (Antes Cuculmeca),https://es.visitcostarica.com/planning-your-trip/hotels/hacienda-pozo-azul-tent-suites-antes-cuculmeca
Oxygen Jungle Villas,https://es.visitcostarica.com/planning-your-trip/hotels/oxygen-jungle-villas
Hilton Garden Inn Liberia Aeropuerto,https://es.visitcostarica.com/planning-your-trip/hotels/hilton-garden-inn-liberia-airport
Holiday Inn Express San Jose Forum,https://es.visitcostarica.com/planning-your-trip/hotels/holiday-inn-express-san-jose-forum
Albergue Tirimbina,https://es.visitcostarica.com/planning-your-trip/hotels/tirimbina-lodge
Residence Inn By Marriott San José Escazú,https://es.visitcostarica.com/planning-your-trip/hotels/residence-inn-marriott-san-jose-escazu
Los Sueños Marriott Ocean & Golf Resort,https://es.visitcostarica.com/planning-your-trip/hotels/los-suenos-ocean-golf-resort
Rosa Blanca Albergue Campestre,https://es.visitcostarica.com/planning-your-trip/hotels/rosa-blanca-albergue-campestre
B&B Hipocampo de Oro,https://es.visitcostarica.com/planning-your-trip/hotels/bb-hipocampo-de-oro
Hotel Villa Florencia,https://es.visitcostarica.com/planning-your-trip/hotels/villa-florencia-hotel
Costa Rica Marriott Hotel,https://es.visitcostarica.com/planning-your-trip/hotels/costa-rica-marriott-hotel
Crowne Plaza Corobici,https://es.visitcostarica.com/planning-your-trip/hotels/crowne-plaza-corobici
JW Marriott Guanacaste Resort & Spa,https://es.visitcostarica.com/planning-your-trip/hotels/jw-marriott-guanacaste-resort-spa
Albergue ecológico Cedrela,https://es.visitcostarica.com/planning-your-trip/hotels/cedrela-eco-lodge
Arenas del Mar Beachfront & Rainforest Resort,https://es.visitcostarica.com/planning-your-trip/hotels/arenas-del-mar-beachfront-rainforest-resort
Hotel Royal Corin,https://es.visitcostarica.com/planning-your-trip/hotels/royal-corin-hotel
Hacienda La Isla Lodge,https://es.visitcostarica.com/planning-your-trip/hotels/hacienda-la-isla-lodge
Hotel Barceló San José,https://es.visitcostarica.com/planning-your-trip/hotels/barcelo-san-jose-hotel
Real Intercontinental San José Costa Rica,https://es.visitcostarica.com/planning-your-trip/hotels/real-intercontinental-san-jose-costa-rica
Albergue Selva Bananito,https://es.visitcostarica.com/planning-your-trip/hotels/selva-bananito-lodge
Albergue Laguna del Lagarto,https://es.visitcostarica.com/planning-your-trip/hotels/laguna-del-lagarto-lodge
Cala Lodge,https://es.visitcostarica.com/planning-your-trip/hotels/cala-lodge
Apartotel La Sabana,https://es.visitcostarica.com/planning-your-trip/hotels/la-sabana-apartotel
Dolce Uvita - El Pequeño Resort,https://es.visitcostarica.com/planning-your-trip/hotels/dolce-uvita-small-resort
Hotel Harmony,https://es.visitcostarica.com/planning-your-trip/hotels/harmony-hotel
Hotel Los Pinos,https://es.visitcostarica.com/planning-your-trip/hotels/los-pinos-hotel
Four Seasons Resort Costa Rica,https://es.visitcostarica.com/planning-your-trip/hotels/four-seasons-resort-costa-rica
Hotel San Bada,https://es.visitcostarica.com/planning-your-trip/hotels/san-bada-hotel
Arenas del Mar Beachfront & Rainforest Resort,https://es.visitcostarica.com/planning-your-trip/hotels/arenas-del-mar-beachfront-rainforest-resort
Cala Lodge,https://es.visitcostarica.com/planning-your-trip/hotels/cala-lodge
Hotel Belmar,https://es.visitcostarica.com/planning-your-trip/hotels/belmar-hotel
Hotel Heliconia,https://es.visitcostarica.com/planning-your-trip/hotels/heliconia-hotel
Andaz Península de Papagayo,https://es.visitcostarica.com/planning-your-trip/hotels/andaz-peninsula-de-papagayo
Holiday Inn Express San Jose Forum,https://es.visitcostarica.com/planning-your-trip/hotels/holiday-inn-express-san-jose-forum
Hotel Heliconia,https://es.visitcostarica.com/planning-your-trip/hotels/heliconia-hotel
Sheraton San José Hotel & Casino,https://es.visitcostarica.com/planning-your-trip/hotels/sheraton-san-jose-hotel-casino
Catarata Eco Lodge,https://es.visitcostarica.com/planning-your-trip/hotels/catarata-eco-lodge
Terrazas del Caribe,https://es.visitcostarica.com/planning-your-trip/hotels/terrazas-del-caribe
Estudio Hotel Santa Ana,https://es.visitcostarica.com/planning-your-trip/hotels/studio-hotel-santa-ana
Villas Pacande,https://es.visitcostarica.com/planning-your-trip/hotels/villas-pacande
El Silencio Lodge & Spa,https://es.visitcostarica.com/planning-your-trip/hotels/el-silencio-lodge-spa
Hotel Buena Vista,https://es.visitcostarica.com/planning-your-trip/hotels/buena-vista-hotel
